request_id,amount_safe_to_pay,affordability_status,recommended_payment_method,payment_plan,earliest_date_for_full_payment,spending_changes_needed,decision_explanation
request_26,15656000.0,affordable_now,full_payment,2025-08-03:15656000.0,2025-08-03,none,Pay IDR 15656000.0 today. This leaves at least IDR 24768300.0 available over the next 90 days.
request_27,6670.0,affordable_now,full_payment,2026-07-05:6670.0,2026-07-05,none,"Your current balance of ZAR 93,141.80 is sufficient to cover the ZAR 6,670.00 purchase while maintaining your required minimum balance of ZAR 20,500.00 throughout the next 90 days, even after accounting for existing monthly fixed debits and variable essential expenses. No spending changes or financing options are required."
request_28,254.48,affordable_later,wait,2024-06-20:1302.4,2024-06-20,none,Wait until confirmed salary on 2024-06-20 to pay EUR 1302.4 in full. Paying today would breach the EUR 1100.0 minimum.
request_29,51524.0,affordable_now,full_payment,2025-11-04:51524.0,2025-11-04,none,Pay ZAR 51524.0 today. This leaves at least ZAR 28300.0 available over the next 90 days.
request_30,775.2,affordable_with_plan,installments,2026-04-06:268.74|2026-05-06:268.74|2026-06-05:268.74,2026-04-20,none,"Use 3 installments of USD 268.74, starting 2026-04-06. This maintains the USD 900.0 minimum balance."
request_31,3756295.81,affordable_later,wait,2024-09-15:18164000.0,2024-09-15,none,Wait until confirmed salary on 2024-09-15 to pay IDR 18164000.0 in full. Paying today would breach the IDR 16588900.0 minimum.
request_32,12522.2,affordable_later,wait,2025-02-15:40018.0,2025-02-15,none,Wait until confirmed salary on 2025-02-15 to pay ZAR 40018.0 in full. Paying today would breach the ZAR 35700.0 minimum.
request_33,65180.0,affordable_later,wait,2026-02-15:118000.0,2026-02-15,none,"The current balance of 167,280.0 is insufficient to pay 118,000.0 while maintaining the 102,100.0 minimum balance, as it would leave only 49,280.0. After accounting for monthly essential fixed and variable outflows, a full payment becomes safe on 2026-02-15 following the next payroll deposit."
request_34,129400.0,affordable_now,full_payment,2024-12-04:129400.0,2024-12-04,none,Pay INR 129400.0 today. This leaves at least INR 138500.0 available over the next 90 days.
request_35,106718.62,affordable_later,wait,2025-11-15:212000.0,2025-11-15,none,Wait until confirmed salary on 2025-11-15 to pay INR 212000.0 in full. Paying today would breach the INR 106400.0 minimum.
request_36,812.58,affordable_later,wait,2026-07-15:3954.0,2026-07-15,none,Wait until confirmed salary on 2026-07-15 to pay USD 3954.0 in full. Paying today would breach the USD 2400.0 minimum.
request_37,12068773.07,affordable_later,wait,2024-03-20:14649000.0,2024-03-20,none,"Your current balance of IDR 29,125,000 minus the mandatory minimum reserve of IDR 17,056,200 leaves IDR 12,068,773 available today. Because full payment of IDR 14,649,000 would cause a temporary breach of your safety threshold until your next major income arrival on March 20th (payroll + promotion arrears), the request is currently not fully safe. You can proceed with full payment on 2024-03-20 once the additional income is received."
request_38,187.32,affordable_later,wait,2025-08-15:971.3,2025-08-15,none,Wait until confirmed salary on 2025-08-15 to pay EUR 971.3 in full. Paying today would breach the EUR 400.0 minimum.
request_39,64176.24,affordable_later,wait,2026-04-15:208600.0,2026-04-15,none,Wait until confirmed salary on 2026-04-15 to pay INR 208600.0 in full. Paying today would breach the INR 213400.0 minimum.
request_40,851.04,affordable_later,wait,2024-06-15:1290.3,2024-06-15,none,"Current balance is 2394.0. After accounting for upcoming debits (fixed expenses, rent, and pending order), full payment today would drop the balance below the 1500.0 threshold. With the salary credit on 2024-06-15, the full payment becomes safe to perform without any spending changes."
request_41,11280606.49,affordable_later,wait,2025-11-15:38760000.0,2025-11-15,none,Wait until confirmed salary on 2025-11-15 to pay IDR 38760000.0 in full. Paying today would breach the IDR 25366600.0 minimum.
request_42,52100.0,affordable_now,full_payment,2026-01-05:52100.0,2026-01-05,none,Pay INR 52100.0 today. This leaves at least INR 113100.0 available over the next 90 days.
request_43,7622722.11,affordable_later,wait,2024-09-15:43339000.0,2024-09-15,none,Wait until confirmed salary on 2024-09-15 to pay IDR 43339000.0 in full. Paying today would breach the IDR 21398000.0 minimum.
request_44,66490.0,affordable_now,full_payment,2025-02-04:95800.0,2025-02-04,none,"Your current available balance of INR 162,290 exceeds the required payment of INR 95,800. Even after paying the full amount today, your remaining balance of INR 66,490 plus upcoming salary on 2025-02-15 remains sufficient to cover all essential recurring expenses and maintain the required minimum balance of INR 82,900 throughout the 90-day forecast."
request_45,4736259.4,affordable_later,wait,2026-07-15:21983000.0,2026-07-15,none,Wait until confirmed salary on 2026-07-15 to pay IDR 21983000.0 in full. Paying today would breach the IDR 11149800.0 minimum.
request_46,37803.42,affordable_with_plan,installments,2024-12-03:25714.0|2024-12-31:25714.0,2024-12-15,none,"Use 2 installments of INR 25714.0, starting 2024-12-03. This maintains the INR 84000.0 minimum balance."
request_47,38114000.0,affordable_now,full_payment,2025-05-05:38114000.0,2025-05-05,none,Pay IDR 38114000.0 today. This leaves at least IDR 30049000.0 available over the next 90 days.
request_48,45700.0,affordable_now,full_payment,2026-07-25:45700.0,2026-07-25,none,"Your current available balance of INR 188,065.00 is sufficient to cover the requested INR 45,700.00 while maintaining your required minimum balance of INR 71,300.00 and all projected 90-day expenses, without necessitating any spending changes."
request_49,13453299.79,affordable_with_plan,installments,2024-03-18:11902106.67|2024-04-18:11902106.67|2024-05-19:11902106.67,2024-03-15,none,"Use 3 installments of IDR 11902106.67, starting 2024-03-18. This maintains the IDR 20275700.0 minimum balance."
request_50,43900.0,affordable_now,full_payment,2025-08-06:43900.0,2025-08-06,none,Pay INR 43900.0 today. This leaves at least INR 99700.0 available over the next 90 days.
request_51,2191000.0,affordable_now,full_payment,2026-01-03:2191000.0,2026-01-03,none,Pay IDR 2191000.0 today. This leaves at least IDR 7811000.0 available over the next 90 days.
request_52,33820.0,affordable_now,full_payment,2024-06-05:28870.0,2024-06-05,none,"Your current available balance of 75,320.0 INR exceeds your required minimum balance of 41,500.0 INR by 33,820.0 INR. Since the repair cost is 28,870.0 INR, you can afford to pay for the full repair immediately without needing any spending changes or payment plans."
request_53,452.44,affordable_with_plan,installments,2025-11-21:589.06|2025-12-19:589.06|2026-01-16:589.06,2025-11-15,none,"Use 3 installments of USD 589.06, starting 2025-11-21. This maintains the USD 2100.0 minimum balance."
request_54,4311.25,not_affordable,not_recommended,none,,none,"The requested housing deposit of ZAR 121,528.00 is not affordable. The installment options provided (18 and 24 months) exceed your limit of 11 months, and partial payments are not allowed for this request. Additionally, your cash flow is insufficient to pay the full amount within 90 days while maintaining your ZAR 37,000.00 safety cushion."
request_55,190041.19,affordable_later,wait,2026-06-15:218600.0,2026-06-15,none,"The full amount is not safe today as it would drop the balance below the 124,300 minimum due to upcoming fixed expenses. By waiting until the next payroll on June 15, 2026, the full amount becomes safe without requiring spending changes."
request_56,0.0,not_affordable,not_recommended,none,,none,"The requested amount cannot be safely paid with any eligible payment method or spending adjustments within the 90-day forecast, as it would cause your balance to drop below the minimum required. Even with maximum permissible spending changes, your essential commitments would cause the balance to fall below your minimum threshold of 2100.0 by 2025-02-07."
request_57,15221.28,affordable_later,wait,2026-05-15:61446.0,2026-05-15,none,"Based on your current available balance of 63914.6 and a minimum required balance of 42700.0, paying the full 61446.0 today would cause your balance to drop significantly below the safe minimum. Even with maximum eligible spending changes, an immediate full payment remains unsafe. However, after factoring in your recurring income and essential expenses, the earliest date a full payment of 61446.0 becomes safely possible is 2026-05-15. This date is after the May 15th payroll credit, which sufficiently boosts your balance to ensure it remains above the minimum_balance_to_keep throughout the 90-day forecast. This recommended payment date is also before your desired completion date of 2026-06-15, and no spending changes are required for this plan."
request_58,16226000.0,affordable_now,full_payment,2024-12-07:16226000.0,2024-12-07,none,"The full requested payment of IDR 16,226,000 is immediately affordable. Making this payment today leaves an available balance of IDR 25,920,065.0, which is well above your safety reserve of IDR 14,433,900.0. A 90-day cash flow analysis confirms that your remaining funds, supplemented by your confirmed monthly salary of IDR 25,840,000, will comfortably cover all recurring fixed expenses, rent, utilities, and variable essentials without any risk of breaching your minimum balance threshold."
request_59,140600.0,affordable_with_plan,installments,2025-05-07:48741.33|2025-06-04:48741.33|2025-07-02:48741.33,2025-05-04,none,"You have a current balance of INR 723,245.99 and a minimum required balance of INR 132,600.0. The full payment is safe today, however, opting for the 3-month installment plan preserves more liquidity for emergency savings and education priorities while remaining well within the safety threshold."
request_60,152.77,affordable_later,wait,2026-01-15:199.89,2026-01-15,none,Wait until confirmed salary on 2026-01-15 to pay USD 199.89 in full. Paying today would breach the USD 400.0 minimum.
request_61,29062.0,affordable_now,full_payment,2024-03-03:29062.0,2024-03-03,none,"Your current available balance of ZAR 147,470.23 comfortably covers the full payment of ZAR 29,062 while maintaining your required minimum balance of ZAR 36,700 over the 90-day forecast, even after accounting for upcoming fixed debits and essential expenses."
request_62,404.23,affordable_now,full_payment,2025-08-05:404.23,2025-08-05,none,Pay USD 404.23 today. This leaves at least USD 1300.0 available over the next 90 days.
request_63,45816.56,affordable_with_plan,partial_payment,2026-07-07:45816.56|2026-07-15:298083.44,2026-07-15,none,Pay INR 45816.56 today and remaining INR 298083.44 on 2026-07-15. This protects the INR 153500.0 minimum.
request_64,0.0,affordable_with_plan,installments,2024-06-11:22082.67|2024-07-12:22082.67|2024-08-12:22082.67,2024-06-15,none,"Use 3 installments of INR 22082.67, starting 2024-06-11. This maintains the INR 36100.0 minimum balance."
request_65,13024.0,not_affordable,not_recommended,none,,none,"Your current balance of ZAR 28,524 minus the required minimum balance of ZAR 15,500 leaves ZAR 13,024 available for payments. As the annual membership cost of ZAR 54,340 significantly exceeds this and your income does not cover the full amount within the 90-day forecast, this request is not affordable."
request_66,22200.0,affordable_now,full_payment,2026-04-03:22200.0,2026-04-03,none,Pay INR 22200.0 today. This leaves at least INR 80700.0 available over the next 90 days.
request_67,422.45,affordable_later,wait,2024-09-15:2094.0,2024-09-15,none,Wait until confirmed salary on 2024-09-15 to pay USD 2094.0 in full. Paying today would breach the USD 1200.0 minimum.
request_68,1638.95,affordable_with_plan,installments,2025-02-14:725.09|2025-03-14:725.09|2025-04-11:725.09,2025-02-23,none,"Use 3 installments of USD 725.09, starting 2025-02-14. This maintains the USD 1500.0 minimum balance."
request_69,529.1,affordable_now,full_payment,2026-01-04:529.1,2026-01-04,none,"Your current available balance of 1639.5 EUR allows for the full payment of 529.1 EUR today. After this payment, your remaining balance remains above the 700 EUR safety threshold even after accounting for upcoming recurring bills and living expenses over the next 90 days."
request_70,48585.19,affordable_later,wait,2024-12-15:243900.0,2024-12-15,none,Wait until confirmed salary on 2024-12-15 to pay INR 243900.0 in full. Paying today would breach the INR 115000.0 minimum.
request_71,998379.79,affordable_later,wait,2025-05-15:21451000.0,2025-05-15,none,Wait until confirmed salary on 2025-05-15 to pay IDR 21451000.0 in full. Paying today would breach the IDR 8884800.0 minimum.
request_72,11330.0,affordable_now,full_payment,2026-07-05:11330.0,2026-07-05,none,Pay ZAR 11330.0 today. This leaves at least ZAR 12200.0 available over the next 90 days.
request_73,71400.0,affordable_now,full_payment,2023-01-20:71400.0,2023-01-20,none,"Your current available balance of 278,542.50 INR is sufficient to cover the 71,400 INR repair cost today while remaining well above your 103,200 INR minimum balance threshold throughout the 90-day forecast period, even after accounting for scheduled rent, utilities, loan payments, and essential variable expenses."
request_74,5010.0,affordable_now,full_payment,2025-08-04:5010.0,2025-08-04,none,Pay ZAR 5010.0 today. This leaves at least ZAR 21900.0 available over the next 90 days.
request_75,28270.0,affordable_with_plan,installments,2026-04-09:9800.27|2026-05-09:9800.27|2026-06-08:9800.27,2026-04-15,none,"Use 3 installments of ZAR 9800.27, starting 2026-04-09. This maintains the ZAR 39000.0 minimum balance."
request_76,991.74,not_affordable,not_recommended,none,,none,Cannot safely complete USD 4455.6 by 2024-07-30 without dipping below the USD 1800.0 minimum balance.
request_77,46956.0,affordable_later,wait,2025-11-15:60700.0,2025-11-15,none,"Current balance after essentials is 189860.5 minus 25200 (rent) - 7704.51 (util) - 12500 (debt) - 32219.24 (var) = 112236.75. To maintain 82200 minimum balance, only 30036.75 is available today. By waiting until the next payroll on 2025-11-15, you reach a sufficient balance to pay the full 60700 safely."
request_78,50200.0,affordable_now,full_payment,2025-10-02:50200.0,2025-10-02,none,Pay INR 50200.0 today. This leaves at least INR 55200.0 available over the next 90 days.
request_79,339.83,affordable_with_plan,partial_payment,2024-09-04:339.83|2024-09-15:1811.77,2024-09-15,none,Pay EUR 339.83 today and remaining EUR 1811.77 on 2024-09-15. This protects the EUR 1000.0 minimum.
request_80,0.0,not_affordable,not_recommended,none,,none,"The requested amount of INR 217,500 exceeds your current liquid surplus above the required minimum balance. Even after accounting for upcoming recurring income, your fixed obligations (rent, debt, education) and projected cashflow commitments prevent the full repayment or the installment plans from being safe within the 90-day window, as they would force your balance below the safety threshold."
request_81,2076.0,affordable_now,full_payment,2026-07-03:2076.0,2026-07-03,none,"Your available balance of 5028.25 covers the 2076.00 payment while maintaining the required 1600.00 minimum balance through the 90-day forecast, even after accounting for upcoming fixed expenses and your rent increase."
request_82,388.77,affordable_later,wait,2024-12-20:1405.2,2024-12-20,none,Wait until confirmed salary on 2024-12-20 to pay USD 1405.2 in full. Paying today would breach the USD 1100.0 minimum.
request_83,5972.26,not_affordable,not_recommended,none,,none,Cannot safely complete INR 156200.0 by 2025-06-17 without dipping below the INR 37800.0 minimum balance.
request_84,62645.0,affordable_later,wait,2026-04-15:95400.0,2026-04-15,none,"Current balance is 153,945 and with a minimum balance requirement of 91,300, you only have 62,645 available for immediate payment today. As you receive your next payroll on 2026-04-15, you will be able to cover the full payment of 95,400 while maintaining your required balance safety buffer."
request_85,2422120.0,not_affordable,not_recommended,none,,none,"The requested deposit of IDR 19,304,000 exceeds your current liquid capacity. Even after accounting for your monthly income, fixed essential expenses, and potential spending cuts, the total remaining balance within the 90-day forecast is insufficient to cover the full amount while maintaining your required minimum balance of IDR 6,396,300."
request_86,46300.0,affordable_now,full_payment,2025-08-03:46300.0,2025-08-03,none,Pay INR 46300.0 today. This leaves at least INR 84900.0 available over the next 90 days.
request_87,28160.87,affordable_later,wait,2026-01-15:487900.0,2026-01-15,none,Wait until confirmed salary on 2026-01-15 to pay INR 487900.0 in full. Paying today would breach the INR 185900.0 minimum.
request_88,15557.89,affordable_with_plan,installments,2024-06-14:9045.23|2024-07-15:9045.23|2024-08-15:9045.23,2024-06-15,none,"You can safely afford the installment plan for the rental deposit as it maintains your balance above the minimum of ZAR 25,800.00 throughout the 90-day forecast. While full payment is not safe today (it would drop you below the threshold), the installments are eligible and safe."
request_89,9175866.22,affordable_with_plan,installments,2025-11-18:4768746.67|2025-12-16:4768746.67|2026-01-13:4768746.67,2025-11-15,none,"Use 3 installments of IDR 4768746.67, starting 2025-11-18. This maintains the IDR 12534700.0 minimum balance."
request_90,2560.0,affordable_now,full_payment,2026-07-06:2560.0,2026-07-06,none,"The requested amount of ZAR 2560.0 can be paid today, 2026-07-06, as the balance is projected to remain above the minimum required ZAR 7600.0 throughout the 90-day forecast after accounting for all essential commitments and the payment."
request_91,728.87,not_affordable,not_recommended,none,,none,"The current available balance is 4209.6. To maintain the minimum balance of 2100.0, the maximum safe amount to pay today is 728.87, considering all essential expenses and ensuring the balance never drops below 2100.0 over the next 90 days. The full requested amount of 1927.2 cannot be paid today as it would cause the balance to fall below 2100.0 on 2024-09-04 after rent payment. The installment option (ID payment_option_255) is not eligible as its total duration (21 payments, approx 19.3 months) exceeds the maximum allowed 6 months. Partial payment is not permitted for this request. Even with applying all user-permitted spending changes (stopping 'Online backup subscription' and reducing 'Online retail purchases'), a single full payment of 1927.2 cannot be safely made on any date within the 90-day forecast (2024-09-03 to 2024-12-02) while maintaining the minimum balance. For example, if paid on 2024-10-15 with spending changes, the balance would drop to 2068.16 on 2024-11-11, which is below the 2100.0 threshold. Therefore, the request is not affordable within the 90-day forecast."
request_92,14547.71,not_affordable,not_recommended,none,,none,"The requested payment of ZAR 34,034.00 is not affordable because the user's projected essential expenses and commitments over the next 90 days exceed their income, causing the balance to drop below the required safety threshold of ZAR 28,100.00. The maximum safe amount to pay today is ZAR 14,547.71 (constrained by the projected balance on 2025-05-06), and the full amount remains unaffordable even with maximum spending changes."
request_93,1729.2,affordable_now,full_payment,2026-04-07:1729.2,2026-04-07,none,"You have a current balance of 3962.10 USD. After deducting the requested amount of 1729.20 USD, your remaining balance is 2232.90 USD. This amount exceeds your required minimum balance of 1900.00 USD, confirming the transaction is safe to complete today without changes to your spending."
request_94,572.0,affordable_now,full_payment,2024-12-04:572.0,2024-12-04,none,"The current available balance of EUR 2663.60 is more than sufficient to cover the EUR 572.00 deposit today. Over the next 90 days, even after accounting for monthly rent of EUR 287.10, utilities, other recurring subscriptions, and estimated monthly essentials, the balance never drops below the EUR 600.00 safety threshold. This is further supported by a confirmed invoice payout of EUR 924.00 on December 15, 2024."
request_95,137865.0,not_affordable,not_recommended,none,,none,"Your current available balance of 283,365 INR, after reserving the 145,500 INR minimum balance, allows a maximum safe payment of 137,865 INR today. As the course fee is 553,000 INR and you do not allow partial payments for this request, it is not currently affordable. Even with recurring income, the full amount cannot be safely covered within the 90-day forecast while protecting your essential expenses."
request_96,76269.02,affordable_with_plan,installments,2026-01-10:31269.33|2026-02-09:31269.33|2026-03-11:31269.33,2026-01-15,none,"Use 3 installments of INR 31269.33, starting 2026-01-10. This maintains the INR 56500.0 minimum balance."
request_97,8865.89,affordable_with_plan,installments,2024-03-19:8145.28|2024-04-19:8145.28|2024-05-19:8145.28,2024-03-15,none,"Your current balance is 38565.89 ZAR. After deducting your 29700 ZAR minimum balance, you can safely pay 8865.89 ZAR today. Since you requested installment options and the 3-month plan fits within your 90-day cashflow forecast while maintaining your minimum balance requirements, this plan is recommended."
request_98,7974.42,affordable_later,wait,2025-08-15:27148.0,2025-08-15,none,Wait until confirmed salary on 2025-08-15 to pay ZAR 27148.0 in full. Paying today would breach the ZAR 30000.0 minimum.
request_99,18062.0,affordable_now,full_payment,2026-07-04:18062.0,2026-07-04,none,Pay ZAR 18062.0 today. This leaves at least ZAR 49100.0 available over the next 90 days.
request_100,34836.13,affordable_with_plan,installments,2024-06-13:12866.19|2024-07-14:12866.19|2024-08-14:12866.19,2024-06-15,none,"Your current available balance of ZAR 68,363.53 is sufficient to cover the ZAR 37,114 laptop request safely while respecting your ZAR 32,500 minimum balance. Although you could pay in full after your next salary on 2024-06-15, opting for the 3-month installment plan (payment_option_281) remains safe and fits within your current liquidity constraints without requiring any changes to your subscription spending."
request_101,143500.0,affordable_now,full_payment,2025-11-03:143500.0,2025-11-03,none,"Your current available balance of INR 465,868.5 is sufficient to cover the investment of INR 143,500 while maintaining your required minimum balance of INR 187,400 throughout the next 90 days, even after accounting for upcoming fixed expenses and the pending fuel authorization."
request_102,1716.0,affordable_with_plan,installments,2026-04-05:594.88|2026-05-05:594.88|2026-06-04:594.88,2026-04-20,none,"Use 3 installments of EUR 594.88, starting 2026-04-05. This maintains the EUR 900.0 minimum balance."
request_103,8615.91,affordable_later,wait,2024-09-15:368300.0,2024-09-15,none,Wait until confirmed salary on 2024-09-15 to pay INR 368300.0 in full. Paying today would breach the INR 125500.0 minimum.
request_104,17204.0,affordable_now,full_payment,2025-02-04:17204.0,2025-02-04,none,"Your current available balance of ZAR 64,021.70 is sufficient to cover the full payment of ZAR 17,204.00 while remaining well above the required minimum balance of ZAR 24,700.00, even after accounting for scheduled recurring expenses and utility debits over the next 90 days."
request_105,53500.0,affordable_now,full_payment,2026-06-08:53500.0,2026-06-08,none,"The current available balance of 147,831.80 INR minus the requested amount of 53,500 INR leaves 94,331.80 INR, which exceeds the required minimum balance of 73,900 INR. The payment is safe today without requiring spending changes."
request_106,435.94,affordable_later,wait,2024-12-15:2207.7,2024-12-15,none,Wait until confirmed salary on 2024-12-15 to pay EUR 2207.7 in full. Paying today would breach the EUR 1200.0 minimum.
request_107,2500.25,affordable_with_plan,installments,2025-05-08:878.59|2025-06-05:878.59|2025-07-03:878.59,2025-05-15,none,"Use 3 installments of EUR 878.59, starting 2025-05-08. This maintains the EUR 1600.0 minimum balance."
request_108,7836.4,affordable_later,wait,2026-09-24:55308.0,2026-09-24,none,"Your current available balance of ZAR 31,936.4 is insufficient to cover the ZAR 55,308.0 cost while maintaining your required ZAR 24,100.0 safety buffer. With your monthly salary of ZAR 33,440.0 and recurring income, full payment becomes safely achievable on 2026-09-24 after accumulating sufficient surplus."
request_109,1276.46,affordable_with_plan,installments,2024-03-18:645.98|2024-04-18:645.98|2024-05-19:645.98,2024-03-15,none,"A full payment today is not safe as it would reduce your balance below the EUR 1,700.00 threshold due to upcoming essential expenses. However, the requested installment plan (payment_option_307) is safe and sustainable within your cash flow forecast, maintaining your required minimum balance throughout the 90-day period."
request_110,22352.0,affordable_with_plan,installments,2025-08-06:7748.69|2025-09-03:7748.69|2025-10-01:7748.69,2025-08-22,none,"Use 3 installments of ZAR 7748.69, starting 2025-08-06. This maintains the ZAR 11200.0 minimum balance."
request_111,16625000.0,affordable_now,full_payment,2026-04-03:16625000.0,2026-04-03,none,Pay IDR 16625000.0 today. This leaves at least IDR 23022800.0 available over the next 90 days.
request_112,0.0,affordable_later,wait,2024-06-15:271.7,2024-06-15,none,Your current balance of 1026.00 EUR after essential monthly costs leaves you below the safe threshold if you pay 271.70 EUR today. You must wait until your salary is credited on 2024-06-15 to maintain your minimum balance requirement of 500.00 EUR.
request_113,33156.76,affordable_later,wait,2026-09-15:36500.0,2026-09-15,none,Wait until confirmed salary on 2026-09-15 to pay INR 36500.0 in full. Paying today would breach the INR 82300.0 minimum.
request_114,65300.0,affordable_now,full_payment,2026-01-04:65300.0,2026-01-04,none,Pay INR 65300.0 today. This leaves at least INR 113400.0 available over the next 90 days.
request_115,13062.13,affordable_later,wait,2024-09-15:80500.0,2024-09-15,none,Wait until confirmed salary on 2024-09-15 to pay INR 80500.0 in full. Paying today would breach the INR 38800.0 minimum.
request_116,58075.0,not_affordable,not_recommended,none,,none,"The requested amount of 241,200 INR exceeds the safe payment capacity of 58,075 INR. No eligible installment plans fit the maximum 12-month constraint, and partial payment is not allowed for this request. Given the current balance and recurring obligations, the full payment is not feasible within the 90-day forecast."
request_117,880.0,affordable_now,full_payment,2026-07-05:880.0,2026-07-05,none,Pay EUR 880.0 today. This leaves at least EUR 1000.0 available over the next 90 days.
request_118,650.53,affordable_with_plan,installments,2024-12-07:255.87|2025-01-07:255.87|2025-02-07:255.87,2024-12-20,none,"Use 3 installments of EUR 255.87, starting 2024-12-07. This maintains the EUR 600.0 minimum balance."
request_119,58618.64,affordable_with_plan,installments,2025-05-18:70546.67|2025-06-15:70546.67|2025-07-13:70546.67,2025-05-15,none,"Use 3 installments of INR 70546.67, starting 2025-05-18. This maintains the INR 151200.0 minimum balance."
request_120,7714000.0,affordable_now,full_payment,2026-04-06:7714000.0,2026-04-06,none,"Your current available balance of IDR 31,748,980 after accounting for the minimum balance requirement of IDR 20,050,300 leaves IDR 11,698,680 of liquid headroom. The requested investment of IDR 7,714,000 is fully safe to pay today as it remains well above your minimum balance threshold after accounting for upcoming fixed debits and essential expenses within the 90-day forecast."
request_121,633.6,affordable_now,full_payment,2024-03-03:633.6,2024-03-03,none,Pay USD 633.6 today. This leaves at least USD 800.0 available over the next 90 days.
request_122,20558000.0,affordable_with_plan,installments,2025-08-05:7126773.33|2025-09-02:7126773.33|2025-09-30:7126773.33,2025-08-22,none,"Use 3 installments of IDR 7126773.33, starting 2025-08-05. This maintains the IDR 12588500.0 minimum balance."
request_123,4076000.0,affordable_now,full_payment,2026-01-07:4076000.0,2026-01-07,none,Pay IDR 4076000.0 today. This leaves at least IDR 18091200.0 available over the next 90 days.
request_124,1183.19,affordable_with_plan,installments,2024-06-11:1076.12|2024-07-12:1076.12|2024-08-12:1076.12,2024-06-15,none,Payment of 3104.2 EUR is recommended via installments starting 2024-06-11. The plan maintains minimum balance of 1600.0 EUR over the next 90 days.
request_125,3774.0,affordable_later,wait,2025-11-15:6468.0,2025-11-15,none,The full requested amount of 6468.0 ZAR is not safe to pay on 2025-11-06. It becomes safe on 2025-11-15 when your projected balance allows it while maintaining 11300.0 ZAR.
request_126,159600.0,affordable_now,full_payment,2026-07-03:159600.0,2026-07-03,none,"Your current available balance of INR 403,175 allows for the full payment of INR 159,600 today while maintaining a buffer above your minimum balance requirement of INR 129,700, even after accounting for upcoming fixed expenses and the expected income of INR 152,000 on 2026-07-15."
request_127,10322.4,affordable_later,wait,2024-09-15:23980.0,2024-09-15,none,Wait until confirmed salary on 2024-09-15 to pay ZAR 23980.0 in full. Paying today would breach the ZAR 41000.0 minimum.
request_128,25168.0,affordable_now,full_payment,2025-02-07:25168.0,2025-02-07,none,"The user can safely make the full payment of ZAR 25,168.0 on the requested date. Starting with a balance of ZAR 80,711.7, after paying for the course fee, the regular course tuition of ZAR 2,908.4, active flexible spending, and daily variable essentials, the available balance is projected to reach its lowest point of ZAR 44,931.14 on February 14. This remains safely above the required minimum balance of ZAR 42,600.0 before the next payroll of ZAR 55,220.0 is credited on February 15."
request_129,0.0,not_affordable,not_recommended,none,,none,"The requested amount of USD 2,668.80 exceeds available liquidity. While an installment plan is permitted, the only available option (payment_option_368) spans 18 months, which exceeds your maximum allowed installment limit of 10 months. Consequently, no eligible or safe payment method exists."
request_130,498.55,affordable_later,wait,2025-02-15:1978.8,2025-02-15,none,"Paying the requested $1,978.80 today would reduce your balance to $338.66, which is below your safety threshold of $1,400.00. Based on your 90-day cash flow forecast, your balance will dip to its lowest point of $1,898.55 on December 14, 2024, meaning only $498.55 is safe to pay today. However, after receiving your scheduled payroll on February 15, 2025, you will have sufficient funds to pay the full amount of $1,978.80 while safely maintaining your $1,400.00 minimum balance throughout the rest of the 90-day period."
request_131,1855.2,affordable_now,installments,2025-05-06:643.14|2025-06-03:643.14|2025-07-01:643.14,2025-05-03,none,"Although you can afford the full payment immediately while respecting your minimum balance, your explicit preference for installments makes payment_option_372 the recommended path. This plan is fully safe, fits within your balance constraints without requiring spending changes, and finishes before your July 8 deadline."
request_132,379.86,affordable_now,full_payment,2026-01-05:379.86,2026-01-05,none,Pay USD 379.86 today. This leaves at least USD 1100.0 available over the next 90 days.
request_133,15770000.0,not_affordable,not_recommended,none,2024-03-07,none,"While the requested amount is technically below the safe-to-pay threshold of IDR 26,838,450 (current balance minus minimum balance and fixed recurring obligations for 90 days), the request is categorized as not affordable because you have specified that partial payments are not allowed for this purchase and you have not included full_payment or installments as eligible methods in your preferences. As your employment contract has ended, maintaining your emergency fund is a priority."
request_134,4842106.24,affordable_later,wait,2025-08-15:21831000.0,2025-08-15,none,Wait until confirmed salary on 2025-08-15 to pay IDR 21831000.0 in full. Paying today would breach the IDR 15902500.0 minimum.
request_135,304.8,affordable_now,full_payment,2026-07-06:304.8,2026-07-06,none,Pay USD 304.8 today. This leaves at least USD 500.0 available over the next 90 days.
request_136,560.4,affordable_now,full_payment,2024-06-03:560.4,2024-06-03,none,Pay USD 560.4 today. This leaves at least USD 1100.0 available over the next 90 days.
request_137,59660.0,affordable_later,wait,2025-11-15:80100.0,2025-11-15,none,"Your current balance of INR 139,760 minus your INR 71,800 reserve leaves INR 67,960 available for immediate use. Given the requested amount of INR 80,100, paying today would violate your safety buffer due to upcoming recurring expenses. However, full payment is safe by 2025-11-15 following your next payroll deposit."
request_138,776.43,affordable_with_plan,installments,2026-04-07:435.74|2026-05-05:435.74|2026-06-02:435.74,2026-04-15,none,"Use 3 installments of EUR 435.74, starting 2026-04-07. This maintains the EUR 2300.0 minimum balance."
request_139,1361.76,affordable_with_plan,installments,2024-09-07:802.88|2024-10-08:802.88|2024-11-08:802.88,2024-09-15,none,"Use 3 installments of USD 802.88, starting 2024-09-07. This maintains the USD 1500.0 minimum balance."
request_140,1246.99,not_affordable,not_recommended,none,,none,Cannot safely complete ZAR 62832.0 by 2025-03-04 without dipping below the ZAR 21600.0 minimum balance.
request_141,55245.0,affordable_later,partial_payment,2026-01-03:55245.0|2026-02-15:116355.0,2026-02-15,none,"Current balance after essentials is 55,245.0 INR. Full payment is not possible today, but the amount becomes affordable on 2026-02-15 following the next payroll deposit, which falls within the 90-day window."
request_142,1263.6,affordable_now,full_payment,2024-12-05:1263.6,2024-12-05,none,Pay USD 1263.6 today. This leaves at least USD 1700.0 available over the next 90 days.
request_143,2705.17,affordable_later,wait,2025-05-15:12584.0,2025-05-15,none,Wait until confirmed salary on 2025-05-15 to pay ZAR 12584.0 in full. Paying today would breach the ZAR 11300.0 minimum.
request_144,224.7,affordable_with_plan,full_payment,2026-07-04:233.34,2026-07-15,stop:event_13239|stop:event_13240,"Adjust flexible spending (stop:event_13239|stop:event_13240), then pay USD 233.34 today while keeping USD 600.0 protected."
request_145,217400.0,affordable_now,full_payment,2024-03-06:217400.0,2024-03-06,none,"Your current balance of INR 261,013.66 minus the required minimum balance of INR 155,400.0 leaves INR 105,613.66 available today. However, you are expecting a significant payroll deposit (INR 258,000 salary + INR 116,100 arrears) shortly. Full payment today is safe as the cash inflow ensures your balance stays above the safety threshold throughout the 90-day forecast."
request_146,19756.66,affordable_later,wait,2025-08-15:449400.0,2025-08-15,none,Wait until confirmed salary on 2025-08-15 to pay INR 449400.0 in full. Paying today would breach the INR 108600.0 minimum.
request_147,476.32,affordable_with_plan,installments,2026-04-08:391.63|2026-05-08:391.63|2026-06-07:391.63,2026-04-15,none,"Use 3 installments of EUR 391.63, starting 2026-04-08. This maintains the EUR 900.0 minimum balance."
request_148,8475.62,affordable_with_plan,installments,2024-06-14:7710.56|2024-07-15:7710.56|2024-08-15:7710.56,2024-06-15,none,"Use 3 installments of ZAR 7710.56, starting 2024-06-14. This maintains the ZAR 20000.0 minimum balance."
request_149,42258.38,affordable_with_plan,installments,2025-11-18:12706.03|2025-12-16:12706.03|2026-01-13:12706.03,2025-11-04,none,"You have a current balance of ZAR 84,358.38 and must maintain a minimum balance of ZAR 42,100.00. While full payment is safe today, the installment plan (payment_option_424) is recommended as a safe, structured alternative that keeps your liquidity buffer comfortably above the required minimum throughout the 90-day forecast."
request_150,349.55,affordable_with_plan,installments,2026-01-06:171.98|2026-02-05:171.98|2026-03-07:171.98,2026-01-15,none,"Use 3 installments of EUR 171.98, starting 2026-01-06. This maintains the EUR 700.0 minimum balance."
request_151,26999000.0,affordable_now,full_payment,2024-09-03:26999000.0,2024-09-03,none,Pay IDR 26999000.0 today. This leaves at least IDR 31633600.0 available over the next 90 days.
request_152,13882.0,affordable_now,full_payment,2025-02-05:13882.0,2025-02-05,none,"Your current available balance of ZAR 28,368.77 is sufficient to cover the full repair cost of ZAR 13,882 while maintaining your required minimum balance of ZAR 11,900 throughout the next 90 days. As full payment is affordable now, it is recommended to avoid unnecessary financing fees."
request_153,503.6,affordable_later,wait,2026-08-15:2830.8,2026-08-15,none,"The current balance of 1903.60 does not support the 2830.80 expense while maintaining the 1400.00 minimum balance. Even after applying your next payroll credit on 2026-08-15, the full payment becomes safe to execute. Installments are not viable as the only option offered exceeds your 3-month limit constraint."
request_154,1625.8,affordable_with_plan,installments,2024-12-04:563.61|2025-01-04:563.61|2025-02-04:563.61,2024-12-15,none,"Use 3 installments of EUR 563.61, starting 2024-12-04. This maintains the EUR 1300.0 minimum balance."
request_155,112500.0,affordable_now,full_payment,2025-05-06:112500.0,2025-05-06,none,Pay INR 112500.0 today. This leaves at least INR 56300.0 available over the next 90 days.
request_156,43076.0,affordable_now,full_payment,2026-04-03:43076.0,2026-04-03,none,"Your current available balance of ZAR 42,105.30 allows for the requested amount after accounting for upcoming income and expenses, ensuring you remain above your minimum safety balance of ZAR 26,900.00 throughout the 90-day forecast."
request_157,4995159.52,affordable_later,wait,2024-03-15:23503000.0,2024-03-15,none,Wait until confirmed salary on 2024-03-15 to pay IDR 23503000.0 in full. Paying today would breach the IDR 15714100.0 minimum.
request_158,242600.0,affordable_with_plan,installments,2025-08-07:84101.33|2025-09-04:84101.33|2025-10-02:84101.33,2025-08-07,none,"With an initial balance of 745417.10 INR, the requested amount of 242600.00 INR can be safely paid via an installment plan. This plan, spanning until 2025-10-02, ensures the account balance remains above the minimum of 131400.00 INR throughout the 90-day forecast. No spending changes are needed for this recommendation. The full amount could technically be paid today and remain safe, but 'full_payment' is not a user-considered method."
request_159,13398.0,affordable_now,full_payment,2026-01-04:13398.0,2026-01-04,none,Pay ZAR 13398.0 today. This leaves at least ZAR 8700.0 available over the next 90 days.
request_160,549.44,affordable_with_plan,installments,2024-06-13:432.05|2024-07-14:432.05|2024-08-14:432.05,2024-06-15,none,"Use 3 installments of EUR 432.05, starting 2024-06-13. This maintains the EUR 1200.0 minimum balance."
request_161,17297950.0,affordable_later,wait,2025-11-15:21204000,2025-11-15,none,"Current balance is IDR 41,308,350. After mandatory payments and the IDR 23,010,400 reserve, the maximum immediate safe payment is IDR 17,297,950. As you are expecting a salary payment of IDR 26,790,000 on 2025-11-15, the full payment becomes safe on that date."
request_162,2834373.2,affordable_later,wait,2026-07-15:83923000.0,2026-07-15,none,Wait until confirmed salary on 2026-07-15 to pay IDR 83923000.0 in full. Paying today would breach the IDR 24161100.0 minimum.
request_163,9602151.91,affordable_with_plan,installments,2024-09-10:6692053.33|2024-10-11:6692053.33|2024-11-11:6692053.33,2024-09-20,none,"The annual membership is affordable using the 3-month installment Option 462. Paying the full IDR 19,304,000.00 today is not safe as it would cause the available balance to drop below the required safety threshold of IDR 26,728,700.00 before the next paycheck. However, the installment schedule maintains the safety buffer at all times, supported by the upcoming monthly salary of IDR 30,400,000.00 and a one-time IDR 13,680,000.00 promotion arrears payment on 2024-09-20."
request_164,27018000.0,affordable_now,full_payment,2025-02-04:27018000.0,2025-02-04,none,"The current balance of IDR 75,429,169.2 is sufficient to cover the full payment of IDR 27,018,000 today while remaining well above the required minimum balance of IDR 29,550,500 after accounting for all scheduled recurring expenses and essential variable outflows over the 90-day forecast."
request_165,80600.0,affordable_now,full_payment,2026-04-06:80600,2026-04-06,none,"The full payment of INR 80,600 is safe to make immediately on 2026-04-06. Starting with a balance of INR 366,705 and keeping a safety cushion of INR 95,000, the user has INR 271,705 of head room. Over the next 90 days, despite the user's employment ending, the total projected outflows (including rent, utilities, streaming, and variable essentials) are estimated at INR 187,177.17, leaving a final projected balance of INR 98,927.83, which safely exceeds the minimum balance requirement without requiring any spending changes."
request_166,2907.6,affordable_with_plan,installments,2024-12-03:1007.97|2025-01-03:1007.97|2025-02-03:1007.97,2024-12-03,none,"Your current balance of 9001.95 comfortably supports the installment plan option 471, keeping your balance well above the 1700.0 minimum through the 90-day forecast. While full payment is also safe, you requested installment evaluation."
request_167,43802.0,affordable_now,full_payment,2025-05-05:43802.0,2025-05-05,none,Pay ZAR 43802.0 today. This leaves at least ZAR 31200.0 available over the next 90 days.
request_168,59442.96,affordable_now,full_payment,2026-01-07:49380.0,2026-01-07,none,"Your current balance of INR 173,843 allows for the full payment of INR 49,380 while maintaining the required minimum balance of INR 114,400 throughout the 90-day forecast, even after accounting for upcoming recurring fixed debits and essential expenses."
request_169,41976.0,affordable_now,full_payment,2024-03-04:41976.0,2024-03-04,none,Pay ZAR 41976.0 today. This leaves at least ZAR 18700.0 available over the next 90 days.
request_170,30278105.62,affordable_with_plan,installments,2025-08-06:12804480.0|2025-09-03:12804480.0|2025-10-01:12804480.0,2025-08-15,none,"Use 3 installments of IDR 12804480.0, starting 2025-08-06. This maintains the IDR 24715800.0 minimum balance."
request_171,0.0,not_affordable,not_recommended,none,,none,"Your current balance is insufficient to cover the investment of EUR 1,878.80 while maintaining your required minimum balance of EUR 500.00. Recurring income is insufficient to bridge the gap within the 90-day window, and the available installment plan exceeds your maximum allowed installment duration of 4 months."
request_172,10200.0,affordable_with_plan,installments,2024-06-05:5304.0|2024-07-03:5304.0,2024-06-05,none,"Your current available balance of ZAR 50,942.40 allows you to safely make a payment today while maintaining your minimum balance of ZAR 27,200.00. While a full payment of ZAR 10,200 is technically safe, you requested installment options. Option 489 fits within your 2-month installment limit and is safe to execute immediately without requiring any spending changes."
request_173,63879.3,affordable_with_plan,installments,2025-11-21:39173.33|2025-12-19:39173.33|2026-01-16:39173.33,2025-11-15,none,"Use 3 installments of INR 39173.33, starting 2025-11-21. This maintains the INR 79100.0 minimum balance."
request_174,1146.2,affordable_with_plan,installments,2026-04-04:397.35|2026-05-04:397.35|2026-06-03:397.35,2026-04-15,none,"Use 3 installments of EUR 397.35, starting 2026-04-04. This maintains the EUR 700.0 minimum balance."
request_175,2346.3,affordable_now,full_payment,2024-09-06:2346.3,2024-09-06,none,"Your current available balance of EUR 4760.25 is sufficient to cover the EUR 2346.30 expense while remaining above the EUR 1700.00 minimum balance threshold. Even with your monthly recurring obligations and estimated variable essentials, this purchase is safe to make in full today."
request_176,47.17,not_affordable,not_recommended,none,,none,"Paying the full amount of EUR 1,239.70 today leaves a balance of EUR 47.25, which falls below your required minimum balance of EUR 600.00. Even with the maximum possible reduction in shopping expenses, your projected cash flow remains insufficient to maintain the required minimum balance within the 90-day window."
request_177,1017.6,affordable_now,full_payment,2026-01-05:1017.6,2026-01-05,none,Pay USD 1017.6 today. This leaves at least USD 1300.0 available over the next 90 days.
request_178,2938.1,affordable_with_plan,installments,2024-12-07:1018.54|2025-01-07:1018.54|2025-02-07:1018.54,2024-12-21,none,"Use 3 installments of EUR 1018.54, starting 2024-12-07. This maintains the EUR 1400.0 minimum balance."
request_179,37957250.0,affordable_later,wait,2025-05-15:41648000.0,2025-05-15,none,"The current available balance is IDR 79,388,050. After subtracting the mandatory minimum balance of IDR 41,430,800, the maximum safe amount to spend today is IDR 37,957,250. Since the requested amount of IDR 41,648,000 exceeds this, full payment is not safe today. However, your next payroll deposit arrives on 2025-05-15, making the full payment safe as of that date."
request_180,66500.0,affordable_now,full_payment,2026-07-06:66500.0,2026-07-06,none,"Your current balance of INR 134,980 is sufficient to cover the requested INR 66,500 repayment while maintaining your required minimum balance of INR 37,300, even after accounting for upcoming fixed expenses and pending charges. The full payment is affordable immediately without requiring any spending changes."
request_181,393.23,affordable_later,wait,2024-03-15:5059.2,2024-03-15,none,Wait until confirmed salary on 2024-03-15 to pay USD 5059.2 in full. Paying today would breach the USD 2000.0 minimum.
request_182,65714.0,affordable_now,full_payment,2025-08-05:65714.0,2025-08-05,none,Pay ZAR 65714.0 today. This leaves at least ZAR 31100.0 available over the next 90 days.
request_183,15159845.78,affordable_with_plan,installments,2026-04-10:9313546.67|2026-05-10:9313546.67|2026-06-09:9313546.67,,none,"Full payment would drop the available balance below your minimum safety threshold of 11,878,300 IDR due to existing recurring obligations. Using the eligible 3-month installment plan is safe without requiring any reduction or cessation of your current flexible spending habits."
request_184,16168.62,not_affordable,not_recommended,none,,none,Cannot safely complete INR 251900.0 by 2024-07-30 without dipping below the INR 110800.0 minimum balance.
request_185,344.98,affordable_later,wait,2025-11-15:1257.3,2025-11-15,none,Wait until confirmed salary on 2025-11-15 to pay EUR 1257.3 in full. Paying today would breach the EUR 1300.0 minimum.
request_186,8274.77,affordable_later,wait,2026-01-15:26554.0,2026-01-15,none,Wait until confirmed salary on 2026-01-15 to pay ZAR 26554.0 in full. Paying today would breach the ZAR 22000.0 minimum.
request_187,8235.0,affordable_now,full_payment,2024-09-05:187500.0,2024-09-05,none,"Your current available balance of 195735.0 allows for the full payment of 187500.0 on 2024-09-05. After this payment, your balance will be 8235.0, but your incoming salary of 145000.0 on 2024-09-15 ensures you stay well above your required minimum balance of 128300.0 throughout the 90-day forecast."
request_188,47.13,affordable_later,wait,2025-02-15:2464.0,2025-02-15,none,Wait until confirmed salary on 2025-02-15 to pay EUR 2464.0 in full. Paying today would breach the EUR 900.0 minimum.
request_189,488.4,affordable_now,full_payment,2026-07-04:488.4,2026-07-04,none,Pay EUR 488.4 today. This leaves at least EUR 400.0 available over the next 90 days.
request_190,536.14,affordable_later,wait,2024-12-20:2557.5,2024-12-20,none,Wait until confirmed salary on 2024-12-20 to pay EUR 2557.5 in full. Paying today would breach the EUR 1600.0 minimum.
request_191,664.4,affordable_now,full_payment,2025-05-03:664.4,2025-05-03,none,"Your current balance of 1591.06 EUR comfortably covers the full investment of 664.40 EUR while maintaining the 500.00 EUR buffer, even after accounting for upcoming recurring fixed and estimated variable expenses for the next 90 days."
request_192,125.34,not_affordable,not_recommended,none,,none,"The requested amount of 2046.0 USD cannot be safely paid today or at any point within the next 90 days, even with maximum eligible spending adjustments, as it would cause your balance to fall below the minimum required balance of 1000.0 USD. All available installment payment options exceed your maximum allowable installment duration of 7 months."
request_193,85.98,affordable_with_plan,installments,2024-03-21:420.23|2024-04-21:420.23|2024-05-22:420.23,2024-03-15,none,"Use 3 installments of EUR 420.23, starting 2024-03-21. This maintains the EUR 1000.0 minimum balance."
request_194,48539.55,affordable_later,wait,2025-08-23:132800.0,2025-08-23,none,Wait until confirmed salary on 2025-08-23 to pay INR 132800.0 in full. Paying today would breach the INR 113600.0 minimum.
request_195,1023.48,affordable_with_plan,installments,2026-01-09:405.74|2026-02-08:405.74|2026-03-10:405.74,2026-01-15,none,"Use 3 installments of EUR 405.74, starting 2026-01-09. This maintains the EUR 700.0 minimum balance."
request_196,762.3,affordable_now,full_payment,2024-06-03:762.3,2024-06-03,none,"Your current balance of 1575.65 EUR is sufficient to cover the 762.30 EUR purchase today while maintaining your required 500.00 EUR minimum balance, even accounting for scheduled recurring expenses over the next 90 days."
request_197,50939000.0,affordable_with_plan,installments,2025-11-19:17658853.33|2025-12-17:17658853.33|2026-01-14:17658853.33,2025-11-15,none,"Use 3 installments of IDR 17658853.33, starting 2025-11-19. This maintains the IDR 26245900.0 minimum balance."
request_198,185800.0,affordable_now,full_payment,2026-07-07:185800.0,2026-07-07,none,"Your current balance of INR 395,190.00 is sufficient to pay the full course fee of INR 185,800.00 today. After factoring in recurring payroll credits, essential variable living expenses, and fixed commitments (including utilities, housing fees, insurance, and a pending card dispute), your available balance is projected to remain safely above your required minimum threshold of INR 124,300.00 at all times, reaching a minimum of approximately INR 166,829.62 on July 14, 2026."
request_199,11133218.94,affordable_with_plan,installments,2024-09-07:8206986.67|2024-10-08:8206986.67|2024-11-08:8206986.67,2024-09-04,none,"Your current balance is 136,691,818.94 IDR. After maintaining the minimum balance of 25,359,500 IDR and covering recurring fixed and essential expenses over 90 days, you are currently short for a full payment of 23,674,000 IDR today while protecting your required reserves. However, the requested installment plan (payment_option_569) is safe and fully covers your needs within the desired timeline, allowing you to pay the housing deposit without reducing your flexible expenses."
request_200,21717000.0,affordable_now,full_payment,2025-02-06:21717000.0,2025-02-06,none,"You can safely pay the full IDR 21,717,000 today. After the purchase, your lowest projected balance over the next 90 days is approximately IDR 25,799,549 on February 14, 2025, which remains well above your required minimum safety balance of IDR 20,114,600, bolstered by your recurring payroll of IDR 22,610,000."
request_201,23997000.0,affordable_now,full_payment,2026-04-03:23997000.0,2026-04-03,none,"The full repayment is affordable immediately. Your current balance of IDR 77,973,400 comfortably covers the requested IDR 23,997,000 while maintaining your required minimum balance of IDR 17,304,500, even after accounting for upcoming recurring fixed debits and pending obligations over the next 90 days."
request_202,123900.0,affordable_now,full_payment,2024-12-05:123900.0,2024-12-05,none,"Your current available balance of 366,065 INR allows you to pay the 123,900 INR transfer immediately while maintaining your required minimum balance of 147,800 INR, after accounting for all scheduled essential expenses and pending debits within the 90-day window."
request_203,1442.1,affordable_now,installments,2025-05-10:499.93|2025-06-07:499.93|2025-07-05:499.93,2025-05-07,none,"You have a current available balance of 8327.38 EUR, which is significantly above your requested amount of 1442.10 EUR and your minimum balance requirement of 1400.00 EUR. You are able to pay the full amount today; however, per your stated preference to use installments, the 3-month option is available, safe, and maintains your required balance throughout the 90-day forecast."
request_204,536.12,affordable_with_plan,full_payment,2026-01-04:588.74,2026-01-15,reduce_to:event_18822:33.0|stop:event_18761,"Adjust flexible spending (reduce_to:event_18822:33.0|stop:event_18761), then pay EUR 588.74 today while keeping EUR 1300.0 protected."
request_205,10621000.0,affordable_now,full_payment,2024-03-06:10621000.0,2024-03-06,none,Pay IDR 10621000.0 today. This leaves at least IDR 13994300.0 available over the next 90 days.
request_206,1404.7,affordable_now,partial_payment,2025-08-03:702.35|2025-08-31:702.35,2025-08-03,none,"You have a current available balance of EUR 5,231.14. After deducting your monthly essential expenses and maintaining your minimum balance of EUR 900.00, the full amount of EUR 1,404.70 is safe to pay immediately without any lifestyle changes. As you indicated a preference for partial payments, I have structured an equal two-payment plan to complete the transfer well before your September 29 deadline."
request_207,5510.89,affordable_later,wait,2026-07-15:11830.0,2026-07-15,none,Wait until confirmed salary on 2026-07-15 to pay ZAR 11830.0 in full. Paying today would breach the ZAR 13600.0 minimum.
request_208,3410157.83,affordable_later,wait,2024-06-15:4413000.0,2024-06-15,none,Wait until confirmed salary on 2024-06-15 to pay IDR 4413000.0 in full. Paying today would breach the IDR 10470700.0 minimum.
request_209,2923.18,not_affordable,not_recommended,none,,none,Cannot safely complete ZAR 56914.0 by 2025-11-25 without dipping below the ZAR 18400.0 minimum balance.
request_210,1360.02,affordable_now,partial_payment,2026-04-06:680.01|2026-04-07:680.01,2026-04-06,none,"The current balance of 3525.32 minus the required minimum balance of 2000.0 allows for full coverage of the 1360.02 expense while maintaining all safety buffers over the 90-day forecast. Although full payment is safe, partial payment is recommended to optimize liquidity management given the upcoming pending debit."
request_211,1227.89,affordable_now,full_payment,2024-09-03:1788.6,2024-09-03,none,Your current balance of 2727.89 EUR allows for a full payment of 1788.60 EUR while maintaining your 1500 EUR minimum balance requirement after considering upcoming expenses and the next salary deposit.
request_212,10468635.4,affordable_with_plan,partial_payment,2025-02-05:10468635.4|2025-02-23:61465364.6,2025-02-23,none,Pay IDR 10468635.4 today and remaining IDR 61465364.6 on 2025-02-23. This protects the IDR 29579800.0 minimum.
request_213,3362.4,affordable_with_plan,installments,2026-01-21:1165.63|2026-02-20:1165.63|2026-03-22:1165.63,2026-01-07,none,"Use 3 installments of USD 1165.63, starting 2026-01-21. This maintains the USD 2100.0 minimum balance."
request_214,69750.0,affordable_now,full_payment,2024-12-04:69750.0,2024-12-04,none,"Your current balance of INR 292,180.0 allows you to pay the full amount of INR 69,750.0 today while maintaining your minimum balance of INR 174,900.0 and covering all essential recurring obligations over the next 90 days."
request_215,29986.0,affordable_with_plan,installments,2025-05-09:10395.15|2025-06-06:10395.15|2025-07-04:10395.15,2025-06-05,none,"Use 3 installments of ZAR 10395.15, starting 2025-05-09. This maintains the ZAR 15700.0 minimum balance."
request_216,629.75,affordable_later,wait,2026-07-15:3332.4,2026-07-15,none,Wait until confirmed salary on 2026-07-15 to pay USD 3332.4 in full. Paying today would breach the USD 1800.0 minimum.
request_217,19742.15,affordable_with_plan,installments,2024-03-19:12889.07|2024-04-19:12889.07|2024-05-20:12889.07,2024-03-20,none,"Use 3 installments of ZAR 12889.07, starting 2024-03-19. This maintains the ZAR 26800.0 minimum balance."
request_218,37942414.8,affordable_with_plan,installments,2025-08-07:21195893.33|2025-09-04:21195893.33|2025-10-02:21195893.33,2025-08-15,none,"Full payment of IDR 61,142,000 today is not possible while maintaining the required minimum balance of IDR 34,477,200, as it would drop your available cash to IDR 11,277,614.80. However, the 3-month installment plan is eligible and keeps your balance above the safety threshold throughout the 90-day forecast period."
request_219,689.35,affordable_with_plan,installments,2026-04-07:580.01|2026-05-07:580.01|2026-06-06:580.01,2026-04-15,none,"Use 3 installments of EUR 580.01, starting 2026-04-07. This maintains the EUR 1100.0 minimum balance."
request_220,116.38,affordable_with_plan,partial_payment,2024-06-06:116.38|2024-06-15:3002.12,2024-06-15,none,Pay EUR 116.38 today and remaining EUR 3002.12 on 2024-06-15. This protects the EUR 1100.0 minimum.
request_221,109800.0,affordable_now,full_payment,2025-11-03:109800.0,2025-11-03,none,Pay INR 109800.0 today. This leaves at least INR 81500.0 available over the next 90 days.
request_222,34078.0,affordable_now,full_payment,2026-01-05:34078.0,2026-01-05,none,"Your current available balance of ZAR 118,101.70 is sufficient to cover the requested ZAR 34,078.00 while maintaining your required minimum balance of ZAR 27,300.00 throughout the 90-day forecast, even after accounting for anticipated recurring expenses and the incoming invoice payment on 2026-01-15."
request_223,898.7,affordable_now,full_payment,2024-09-07:898.7,2024-09-07,none,Pay EUR 898.7 today. This leaves at least EUR 800.0 available over the next 90 days.
request_224,9235824.64,affordable_with_plan,installments,2025-02-04:5370040.0|2025-03-04:5370040.0,2025-02-15,none,"Use 2 installments of IDR 5370040.0, starting 2025-02-04. This maintains the IDR 22187600.0 minimum balance."
request_225,10147089.18,affordable_with_plan,installments,2026-07-20:7647120.0|2026-08-19:7647120.0|2026-09-18:7647120.0,2026-07-15,none,"Use 3 installments of IDR 7647120.0, starting 2026-07-20. This maintains the IDR 17670700.0 minimum balance."
request_226,157000.0,affordable_now,full_payment,2024-12-03:157000.0,2024-12-03,none,"The full requested amount of 157000.0 INR can be safely paid today, 2024-12-03. After accounting for this payment and all essential expenses over the next 90 days, your balance is projected to remain above the minimum required balance of 209400.0 INR. The lowest projected balance after this payment is 281694.51 INR on 2024-12-13."
request_227,6372.82,not_affordable,not_recommended,none,,none,Cannot safely complete INR 259700.0 by 2025-06-20 without dipping below the INR 62900.0 minimum balance.
request_228,828627.91,affordable_later,wait,2026-04-15:63327000.0,2026-04-15,none,Wait until confirmed salary on 2026-04-15 to pay IDR 63327000.0 in full. Paying today would breach the IDR 26191200.0 minimum.
request_229,495.17,affordable_with_plan,installments,2024-03-18:529.29|2024-04-18:529.29|2024-05-19:529.29,2024-03-15,none,"Use 3 installments of EUR 529.29, starting 2024-03-18. This maintains the EUR 1000.0 minimum balance."
request_230,3537.6,affordable_now,full_payment,2025-08-06:3537.6,2025-08-06,none,"Your current available balance of EUR 8,676.76 is sufficient to cover the requested payment of EUR 3,537.60 today while remaining well above your mandatory minimum balance of EUR 2,000.00 throughout the next 90 days, considering your recurring income and fixed expenses."
request_231,34365.82,affordable_with_plan,installments,2026-01-06:12378.08|2026-02-05:12378.08|2026-03-07:12378.08,2026-01-15,none,"Use 3 installments of ZAR 12378.08, starting 2026-01-06. This maintains the ZAR 24300.0 minimum balance."
request_232,585.46,affordable_later,wait,2024-06-15:1970.1,2024-06-15,none,Wait until confirmed salary on 2024-06-15 to pay EUR 1970.1 in full. Paying today would breach the EUR 2400.0 minimum.
request_233,3910443.0,affordable_with_plan,partial_payment,2025-11-07:3910443|2025-11-15:2330557,2025-11-15,none,"Paying the full deposit of IDR 6,241,000 today would violate the minimum safety balance of IDR 10,365,700 prior to the upcoming salary credit on November 15. However, a partial payment plan is safe and highly recommended: paying IDR 3,910,443 today and the remaining IDR 2,330,557 on November 15 after receiving the salary. This plan requires no lifestyle/spending modifications and completes the payment well ahead of the December 17 deadline."
request_234,61.23,affordable_later,wait,2026-07-15:1213.3,2026-07-15,none,"Your current balance is EUR 1,274.25, and you must maintain a minimum balance of EUR 700.00. Essential recurring debits, upcoming fixed costs, and the 90-day liquidity requirement restrict your immediate payment capacity to EUR 61.23. The full repayment amount becomes safe on 2026-07-15 following your next payroll credit of EUR 913.00."
request_235,967.2,affordable_now,full_payment,2024-09-06:967.2,2024-09-06,none,"The full payment of $967.20 is affordable today on 2024-09-06. Starting with a balance of $2,086.28, paying the full amount today results in a projected lowest balance of approximately $840.37 on 2024-09-14, which safely remains above your required $700.00 safety buffer. No spending changes are needed. Installment options are ineligible as they exceed your 5-month duration limit."
request_236,14404850.0,affordable_later,wait,2025-04-15:52383000.0,2025-04-15,none,"With an available balance of IDR 31,173,450 and monthly essential commitments, you cannot safely pay the requested IDR 52,383,000 today while maintaining the minimum balance of IDR 16,768,600. The full amount becomes safe to pay on 2025-04-15 after accumulating three months of recurring payroll income."
request_237,23826000.0,affordable_now,full_payment,2026-04-05:23826000.0,2026-04-05,none,"Your current available balance of IDR 100,824,550 exceeds the required payment of IDR 23,826,000, and even after accounting for the payment, your projected balance remains well above the required minimum buffer of IDR 22,431,500 for the next 90 days."
request_238,663.6,affordable_now,not_recommended,none,2024-12-07,none,"You have a current balance of 1882.07 and a minimum balance requirement of 700.0, leaving 1182.07 available. Paying the requested 663.6 is safe, but the request does not allow partial payment and you have not selected full_payment as an eligible method in your preferences."
request_239,642.0,affordable_now,full_payment,2025-05-04:642.0,2025-05-04,none,Pay USD 642.0 today. This leaves at least USD 600.0 available over the next 90 days.
request_240,13500.28,affordable_with_plan,partial_payment,2026-01-06:13500.28|2026-01-15:87699.72,2026-01-15,none,Pay INR 13500.28 today and remaining INR 87699.72 on 2026-01-15. This protects the INR 52800.0 minimum.
request_241,21052000.0,affordable_with_plan,installments,2024-03-17:7298026.67|2024-04-17:7298026.67|2024-05-18:7298026.67,2024-03-03,none,"Although you have sufficient balance to pay the full amount immediately, your employment status is currently uncertain with no confirmed income. Using the 3-month installment plan preserves your liquidity and acts as a buffer against your current income gap, while staying well above the minimum safety balance of 19,252,000 IDR throughout the forecast period."
request_242,28.71,affordable_later,wait,2025-08-15:1966.8,2025-08-15,none,Wait until confirmed salary on 2025-08-15 to pay EUR 1966.8 in full. Paying today would breach the EUR 600.0 minimum.
request_243,17468.0,affordable_now,full_payment,2026-07-07:17468.0,2026-07-07,none,Pay ZAR 17468.0 today. This leaves at least ZAR 19900.0 available over the next 90 days.
request_244,49918.0,affordable_now,full_payment,2024-06-04:49918.0,2024-06-04,none,Pay ZAR 49918.0 today. This leaves at least ZAR 45900.0 available over the next 90 days.
request_245,31759.38,affordable_later,wait,2025-11-15:128500.0,2025-11-15,none,"The full payment of INR 128,500 would reduce your balance to INR 31,860, which falls below your safety threshold of INR 94,600. However, with your upcoming salary payment on 2025-11-15, you will safely cover the full amount while maintaining the required minimum balance."
request_246,64086.0,affordable_with_plan,installments,2026-04-03:22216.48|2026-05-03:22216.48|2026-06-02:22216.48,2026-04-15,none,"Use 3 installments of ZAR 22216.48, starting 2026-04-03. This maintains the ZAR 39300.0 minimum balance."
request_247,1059.3,affordable_now,full_payment,2024-09-05:1059.3,2024-09-05,none,Pay EUR 1059.3 today. This leaves at least EUR 1300.0 available over the next 90 days.
request_248,1087.81,affordable_with_plan,partial_payment,2025-02-07:1087.81|2025-02-24:877.79,2025-02-24,none,Pay USD 1087.81 today and remaining USD 877.79 on 2025-02-24. This protects the USD 1300.0 minimum.
request_249,299.2,affordable_later,wait,2026-02-15:643.2,2026-02-15,none,Current available balance of 942.40 minus the 600.00 safety buffer leaves only 342.40 safe to spend. Full payment of 643.20 is not safe today as it would drop your balance below the 600.00 limit given upcoming fixed expenses and reduced income. The full amount becomes safe on 2026-02-15 after the next two payroll cycles.
request_250,15197.73,affordable_with_plan,partial_payment,2024-12-06:15197.73|2024-12-15:109080.27,2024-12-15,none,Pay ZAR 15197.73 today and remaining ZAR 109080.27 on 2024-12-15. This protects the ZAR 35300.0 minimum.
request_251,1513.6,not_affordable,not_recommended,none,,none,Cannot safely complete EUR 1513.6 by 2025-06-06 without dipping below the EUR 1300.0 minimum balance.
request_252,5228442.51,affordable_later,wait,2026-07-15:28082000.0,2026-07-15,none,Wait until confirmed salary on 2026-07-15 to pay IDR 28082000.0 in full. Paying today would breach the IDR 15152200.0 minimum.
request_253,2335.57,affordable_with_plan,installments,2024-03-21:984.6|2024-04-21:984.6|2024-05-22:984.6,2024-03-15,none,"A full payment today would drop the balance below the EUR 2,300 minimum due to upcoming fixed obligations and the EUR 192 bill retry. However, the 3-month installment plan (payment_option_729) is safe as it aligns payments with your recurring monthly income, maintaining your minimum balance threshold throughout the 90-day forecast."
request_254,682.3,affordable_later,wait,2025-08-15:3535.2,2025-08-15,none,Wait until confirmed salary on 2025-08-15 to pay USD 3535.2 in full. Paying today would breach the USD 2500.0 minimum.
request_255,3345000.0,affordable_now,full_payment,2026-04-06:3345000.0,2026-04-06,none,Pay IDR 3345000.0 today. This leaves at least IDR 9813900.0 available over the next 90 days.
request_256,157276.6,affordable_with_plan,installments,2024-06-10:75816.0|2024-07-11:75816.0|2024-08-11:75816.0,2024-06-15,none,"Use 3 installments of INR 75816.0, starting 2024-06-10. This maintains the INR 168600.0 minimum balance."
request_257,607.03,affordable_later,wait,2025-11-15:1352.4,2025-11-15,none,Wait until confirmed salary on 2025-11-15 to pay USD 1352.4 in full. Paying today would breach the USD 1600.0 minimum.
request_258,1113.6,affordable_now,full_payment,2026-01-07:1113.6,2026-01-07,none,Pay USD 1113.6 today. This leaves at least USD 500.0 available over the next 90 days.
request_259,183.81,affordable_later,wait,2024-09-15:935.0,2024-09-15,none,Wait until confirmed salary on 2024-09-15 to pay EUR 935.0 in full. Paying today would breach the EUR 600.0 minimum.
request_260,0.0,not_affordable,not_recommended,none,,none,"The requested amount of IDR 52,079,000.0 cannot be safely paid today or at any point within the next 90 days. Your current available balance of IDR 35,787,100.0 is insufficient to cover the payment without dropping below the minimum required balance of IDR 20,727,700.0. Even after accounting for all projected income and essential expenses, and considering maximum permissible spending reductions, your cash flow commitments within the 90-day forecast period would still cause your balance to fall below the safe minimum."
request_261,1830.4,affordable_now,full_payment,2026-07-03:1830.4,2026-07-03,none,Pay EUR 1830.4 today. This leaves at least EUR 1500.0 available over the next 90 days.
request_262,9236000.0,affordable_now,full_payment,2024-12-05:9236000.0,2024-12-05,none,Pay IDR 9236000.0 today. This leaves at least IDR 31018500.0 available over the next 90 days.
request_263,6436.31,affordable_with_plan,partial_payment,2025-05-07:6436.31|2025-05-15:45109.69,2025-05-15,none,Pay ZAR 6436.31 today and remaining ZAR 45109.69 on 2025-05-15. This protects the ZAR 24100.0 minimum.
request_264,24118.75,affordable_later,wait,2026-04-15:111300.0,2026-04-15,none,Wait until confirmed salary on 2026-04-15 to pay INR 111300.0 in full. Paying today would breach the INR 59500.0 minimum.
request_265,45970.0,affordable_now,full_payment,2024-03-06:45970.0,2024-03-06,none,"Your available balance of 786,105.0 exceeds the 189,700.0 required minimum by a significant margin. After accounting for all recurring fixed debits and estimated monthly variable essential expenses over the 90-day window, you can safely afford the full payment of 45,970.0 today."
request_266,838.93,affordable_with_plan,installments,2025-08-03:324.13|2025-08-31:324.13|2025-09-28:324.13,2025-08-15,none,"Use 3 installments of EUR 324.13, starting 2025-08-03. This maintains the EUR 900.0 minimum balance."
request_267,1651.86,affordable_with_plan,installments,2026-01-08:667.33|2026-02-07:667.33|2026-03-09:667.33,2026-01-15,none,"Use 3 installments of EUR 667.33, starting 2026-01-08. This maintains the EUR 1500.0 minimum balance."
request_268,1061.9,affordable_with_plan,installments,2024-06-14:841.22|2024-07-15:841.22|2024-08-15:841.22,2024-07-15,none,"The user only considers installments. The installment plan (payment_option_770) is highly affordable and safe, with three payments of EUR 841.22 on 2024-06-14, 2024-07-15, and 2024-08-15. The lowest projected balance over the next 90 days is EUR 1,629.74 on June 14, which safely respects the EUR 1,400.00 minimum threshold. No spending changes are needed. Full payment of EUR 2,426.60 is not considered by the user, but would first become safe on 2024-07-15."
request_269,6707.9,affordable_now,full_payment,2025-11-04:15490.0,2025-11-04,none,"You have a current available balance of 45307.9. After paying 15490.0, your remaining balance is 29817.9, which stays above your required minimum of 23100.0 throughout the 90-day forecast period, even accounting for your fixed obligations and upcoming income."
request_270,209.28,not_affordable,not_recommended,none,,none,"The requested investment of USD 3,028.80 is not affordable. The user only considers installment options, but all provided installment plans (18 and 24 months) exceed the user's max installment limit of 7 months. Furthermore, the full amount is not safe to pay at any point during the 90-day forecast, as the cash balance never reaches the level required to cover the payment while maintaining the USD 1,400.00 minimum balance buffer."
request_271,20394.98,affordable_later,wait,2024-09-20:91300.0,2024-09-20,none,Wait until confirmed salary on 2024-09-20 to pay INR 91300.0 in full. Paying today would breach the INR 58200.0 minimum.
request_272,8815924.0,affordable_with_plan,installments,2025-02-12:4709466.67|2025-03-12:4709466.67|2025-04-09:4709466.67,2025-02-15,none,"A full immediate payment of IDR 13,585,000 would drop your balance below the safety threshold of IDR 7,508,600. However, the requested installment plan (Option 780) is safe, keeping your balance above the minimum throughout the 90-day forecast while adhering to your preferences."
request_273,13372200.0,affordable_with_plan,installments,2026-04-07:5498480.0|2026-05-05:5498480.0|2026-06-02:5498480.0,2026-04-15,none,"Your current balance is 32,146,800 IDR. After accounting for rent, utilities, and essential variable spending over the 90-day window, you have a safe liquidity buffer. While you cannot afford the full amount today without dropping below your 18,774,600 IDR minimum threshold, you can safely cover the requested amount using the 3-month installment plan (payment_option_784) starting today without requiring any spending changes."
request_274,2417.09,affordable_with_plan,installments,2024-12-04:940.75|2025-01-04:940.75|2025-02-04:940.75,2024-12-15,none,"Use 3 installments of EUR 940.75, starting 2024-12-04. This maintains the EUR 1800.0 minimum balance."
request_275,15884000.0,affordable_now,full_payment,2025-05-06:15884000.0,2025-05-06,none,Pay IDR 15884000.0 today. This leaves at least IDR 12760100.0 available over the next 90 days.
